country;year;pop;continent; lifeExp ;gdpPercap
Afghanistan;1952;8425333;Asia;28801;7794453145
Afghanistan;1957;9240934;Asia;30332;8208530296
Afghanistan;1962;10267083;Asia;31997;85310071
Afghanistan;1967;11537966;Asia;3402;8361971382
Afghanistan;1972;13079460;Asia;36088;7399811058
Afghanistan;1977;14880372;Asia;38438;78611336
Afghanistan;1982;12881816;Asia;39854;9780114388
Afghanistan;1987;13867957;Asia;40822;8523959448
Afghanistan;1992;16317921;Asia;41674;6493413952
Afghanistan;1997;22227415;Asia;41763;635341351
Afghanistan;2002;25268405;Asia;42129;7267340548
Afghanistan;2007;31889923;Asia;43828;9745803384
Albania;1952;1282697;Europe;5523;1601056136
Albania;1957;1476505;Europe;5928;1942284244
Albania;1962;1728137;Europe;6482;2312888958
Albania;1967;1984060;Europe;6622;2760196931
Albania;1972;2263554;Europe;6769;3313422188
Albania;1977;2509048;Europe;6893;353300391
Albania;1982;2780097;Europe;7042;3630880722
Albania;1987;3075321;Europe;72;3738932735
Albania;1992;3326498;Europe;71581;2497437901
Albania;1997;3428038;Europe;7295;3193054604
Albania;2002;3508512;Europe;75651;4604211737
Albania;2007;3600523;Europe;76423;5937029526
Algeria;1952;9279525;Africa;43077;2449008185
Algeria;1957;10270856;Africa;45685;3013976023
Algeria;1962;11000948;Africa;48303;255081688
Algeria;1967;12760499;Africa;51407;3246991771
Algeria;1972;14760787;Africa;54518;4182663766
Algeria;1977;17152804;Africa;58014;4910416756
Algeria;1982;20033753;Africa;61368;5745160213
Algeria;1987;23254956;Africa;65799;5681358539
Algeria;1992;26298373;Africa;67744;5023216647
Algeria;1997;29072015;Africa;69152;4797295051
Algeria;2002;31287142;Africa;70994;5288040382
Algeria;2007;33333216;Africa;72301;6223367465
Angola;1952;4232095;Africa;30015;3520610273
Angola;1957;4561361;Africa;31999;3827940465
Angola;1962;4826015;Africa;34;4269276742
Angola;1967;5247469;Africa;35985;5522776375
Angola;1972;5894858;Africa;37928;5473288005
Angola;1977;6162675;Africa;39483;3008647355
Angola;1982;7016384;Africa;39942;2756953672
Angola;1987;7874230;Africa;39906;2430208311
Angola;1992;8735988;Africa;40647;2627845685
Angola;1997;9875024;Africa;40963;2277140884
Angola;2002;10866106;Africa;41003;2773287312
Angola;2007;12420476;Africa;42731;4797231267
Argentina;1952;17876956;Americas;62485;5911315053
Argentina;1957;19610538;Americas;64399;6856856212
Argentina;1962;21283783;Americas;65142;7133166023
Argentina;1967;22934225;Americas;65634;8052953021
Argentina;1972;24779799;Americas;67065;9443038526
Argentina;1977;26983828;Americas;68481;1007902674
Argentina;1982;29341374;Americas;69942;8997897412
Argentina;1987;31620918;Americas;70774;9139671389
Argentina;1992;33958947;Americas;71868;930841871
Argentina;1997;36203463;Americas;73275;1096728195
Argentina;2002;38331121;Americas;7434;8797640716
Argentina;2007;40301927;Americas;7532;1277937964
Australia;1952;8691212;Oceania;6912;1003959564
Australia;1957;9712569;Oceania;7033;1094964959
Australia;1962;10794968;Oceania;7093;1221722686
Australia;1967;11872264;Oceania;711;1452612465
Australia;1972;13177000;Oceania;7193;1678862948
Australia;1977;14074100;Oceania;7349;1833419751
Australia;1982;15184200;Oceania;7474;1947700928
Australia;1987;16257249;Oceania;7632;2188888903
Australia;1992;17481977;Oceania;7756;2342476683
Australia;1997;18565243;Oceania;7883;2699793657
Australia;2002;19546792;Oceania;8037;3068775473
Australia;2007;20434176;Oceania;81235;3443536744
Austria;1952;6927772;Europe;668;6137076492
Austria;1957;6965860;Europe;6748;884259803
Austria;1962;7129864;Europe;6954;1075072111
Austria;1967;7376998;Europe;7014;128346024
Austria;1972;7544201;Europe;7063;166616256
Austria;1977;7568430;Europe;7217;197494223
Austria;1982;7574613;Europe;7318;2159708362
Austria;1987;7578903;Europe;7494;2368782607
Austria;1992;7914969;Europe;7604;2704201868
Austria;1997;8069876;Europe;7751;2909592066
Austria;2002;8148312;Europe;7898;3241760769
Austria;2007;8199783;Europe;79829;361264927
Bahrain;1952;120447;Asia;50939;9867084765
Bahrain;1957;138655;Asia;53832;1163579945
Bahrain;1962;171863;Asia;56923;1275327514
Bahrain;1967;202182;Asia;59923;148046727
Bahrain;1972;230800;Asia;633;1826865839
Bahrain;1977;297410;Asia;65593;1934010196
Bahrain;1982;377967;Asia;69052;1921114731
Bahrain;1987;454612;Asia;7075;1852402406
Bahrain;1992;529491;Asia;72601;1903557917
Bahrain;1997;598561;Asia;73925;2029201679
Bahrain;2002;656397;Asia;74795;2340355927
Bahrain;2007;708573;Asia;75635;2979604834
Bangladesh;1952;46886859;Asia;37484;6842441716
Bangladesh;1957;51365468;Asia;39348;6616374577
Bangladesh;1962;56839289;Asia;41216;6863415538
Bangladesh;1967;62821884;Asia;43453;7211860862
Bangladesh;1972;70759295;Asia;45252;6302336265
Bangladesh;1977;80428306;Asia;46923;6598772322
Bangladesh;1982;93074406;Asia;50009;6769818656
Bangladesh;1987;103764241;Asia;52819;7519794035
Bangladesh;1992;113704579;Asia;56018;8378101643
Bangladesh;1997;123315288;Asia;59412;9727700352
Bangladesh;2002;135656790;Asia;62013;113639043
Bangladesh;2007;150448339;Asia;64062;1391253792
Belgium;1952;8730405;Europe;68;8343105127
Belgium;1957;8989111;Europe;6924;9714960623
Belgium;1962;9218400;Europe;7025;1099120676
Belgium;1967;9556500;Europe;7094;1314904119
Belgium;1972;9709100;Europe;7144;1667214356
Belgium;1977;9821800;Europe;728;1911797448
Belgium;1982;9856303;Europe;7393;2097984589
Belgium;1987;9870200;Europe;7535;2252556308
Belgium;1992;10045622;Europe;7646;2557557069
Belgium;1997;10199787;Europe;7753;2756119663
Belgium;2002;10311970;Europe;7832;3048588375
Belgium;2007;10392226;Europe;79441;3369260508
Benin;1952;1738315;Africa;38223;10627522
Benin;1957;1925173;Africa;40358;9596010805
Benin;1962;2151895;Africa;42618;9494990641
Benin;1967;2427334;Africa;44885;1035831411
Benin;1972;2761407;Africa;47014;1085796879
Benin;1977;3168267;Africa;4919;1029161251
Benin;1982;3641603;Africa;50904;1277897616
Benin;1987;4243788;Africa;52337;122585601
Benin;1992;4981671;Africa;53919;1191207681
Benin;1997;6066080;Africa;54777;1232975292
Benin;2002;7026113;Africa;54406;1372877931
Benin;2007;8078314;Africa;56728;1441284873
Bolivia;1952;2883315;Americas;40414;2677326347
Bolivia;1957;3211738;Americas;4189;2127686326
Bolivia;1962;3593918;Americas;43428;2180972546
Bolivia;1967;4040665;Americas;45032;2586886053
Bolivia;1972;4565872;Americas;46714;2980331339
Bolivia;1977;5079716;Americas;50023;3548097832
Bolivia;1982;5642224;Americas;53859;3156510452
Bolivia;1987;6156369;Americas;57251;275369149
Bolivia;1992;6893451;Americas;59957;2961699694
Bolivia;1997;7693188;Americas;6205;3326143191
Bolivia;2002;8445134;Americas;63883;341326269
Bolivia;2007;9119152;Americas;65554;3822137084
Bosnia and Herzegovina;1952;2791000;Europe;5382;9735331948
Bosnia and Herzegovina;1957;3076000;Europe;5845;1353989176
Bosnia and Herzegovina;1962;3349000;Europe;6193;1709683679
Bosnia and Herzegovina;1967;3585000;Europe;6479;2172352423
Bosnia and Herzegovina;1972;3819000;Europe;6745;286016975
Bosnia and Herzegovina;1977;4086000;Europe;6986;3528481305
Bosnia and Herzegovina;1982;4172693;Europe;7069;4126613157
Bosnia and Herzegovina;1987;4338977;Europe;7114;4314114757
Bosnia and Herzegovina;1992;4256013;Europe;72178;2546781445
Bosnia and Herzegovina;1997;3607000;Europe;73244;4766355904
Bosnia and Herzegovina;2002;4165416;Europe;7409;6018975239
Bosnia and Herzegovina;2007;4552198;Europe;74852;7446298803
Botswana;1952;442308;Africa;47622;8512411407
Botswana;1957;474639;Africa;49618;9182325349
Botswana;1962;512764;Africa;5152;9836539764
Botswana;1967;553541;Africa;53298;1214709294
Botswana;1972;619351;Africa;56024;2263611114
Botswana;1977;781472;Africa;59319;3214857818
Botswana;1982;970347;Africa;61484;455114215
Botswana;1987;1151184;Africa;63622;620588385
Botswana;1992;1342614;Africa;62745;7954111645
Botswana;1997;1536536;Africa;52556;8647142313
Botswana;2002;1630347;Africa;46634;1100360508
Botswana;2007;1639131;Africa;50728;1256985177
Brazil;1952;56602560;Americas;50917;2108944355
Brazil;1957;65551171;Americas;53285;2487365989
Brazil;1962;76039390;Americas;55665;3336585802
Brazil;1967;88049823;Americas;57632;3429864357
Brazil;1972;100840058;Americas;59504;4985711467
Brazil;1977;114313951;Americas;61489;6660118654
Brazil;1982;128962939;Americas;63336;7030835878
Brazil;1987;142938076;Americas;65205;7807095818
Brazil;1992;155975974;Americas;67057;6950283021
Brazil;1997;168546719;Americas;69388;7957980824
Brazil;2002;179914212;Americas;71006;8131212843
Brazil;2007;190010647;Americas;7239;9065800825
Bulgaria;1952;7274900;Europe;596;2444286648
Bulgaria;1957;7651254;Europe;6661;3008670727
Bulgaria;1962;8012946;Europe;6951;4254337839
Bulgaria;1967;8310226;Europe;7042;55770028
Bulgaria;1972;8576200;Europe;709;6597494398
Bulgaria;1977;8797022;Europe;7081;7612240438
Bulgaria;1982;8892098;Europe;7108;8224191647
Bulgaria;1987;8971958;Europe;7134;8239854824
Bulgaria;1992;8658506;Europe;7119;6302623438
Bulgaria;1997;8066057;Europe;7032;597038876
Bulgaria;2002;7661799;Europe;7214;7696777725
Bulgaria;2007;7322858;Europe;73005;1068079282
Burkina Faso;1952;4469979;Africa;31975;5432552413
Burkina Faso;1957;4713416;Africa;34906;6171834648
Burkina Faso;1962;4919632;Africa;37814;7225120206
Burkina Faso;1967;5127935;Africa;40697;7948265597
Burkina Faso;1972;5433886;Africa;43591;8547359763
Burkina Faso;1977;5889574;Africa;46137;7433870368
Burkina Faso;1982;6634596;Africa;48122;8071985855
Burkina Faso;1987;7586551;Africa;49557;9120631417
Burkina Faso;1992;8878303;Africa;5026;9317527731
Burkina Faso;1997;10352843;Africa;50324;9462949618
Burkina Faso;2002;12251209;Africa;5065;1037645221
Burkina Faso;2007;14326203;Africa;52295;1217032994
Burundi;1952;2445618;Africa;39031;3392964587
Burundi;1957;2667518;Africa;40533;3795646281
Burundi;1962;2961915;Africa;42045;3552032273
Burundi;1967;3330989;Africa;43548;4129775136
Burundi;1972;3529983;Africa;44057;4640995039
Burundi;1977;3834415;Africa;4591;5561032651
Burundi;1982;4580410;Africa;47471;559603231
Burundi;1987;5126023;Africa;48211;6218188189
Burundi;1992;5809236;Africa;44736;6316998778
Burundi;1997;6121610;Africa;45326;4631151478
Burundi;2002;7021078;Africa;4736;4464035126
Burundi;2007;8390505;Africa;4958;4300706916
Cambodia;1952;4693836;Asia;39417;3684692856
Cambodia;1957;5322536;Asia;41366;4340383364
Cambodia;1962;6083619;Asia;43415;4969136476
Cambodia;1967;6960067;Asia;45415;5234323142
Cambodia;1972;7450606;Asia;40317;4216240257
Cambodia;1977;6978607;Asia;3122;5249721832
Cambodia;1982;7272485;Asia;50957;6244754784
Cambodia;1987;8371791;Asia;53914;6838955732
Cambodia;1992;10150094;Asia;55803;6823031755
Cambodia;1997;11782962;Asia;56534;73428517
Cambodia;2002;12926707;Asia;56752;8962260153
Cambodia;2007;14131858;Asia;59723;1713778686
Cameroon;1952;5009067;Africa;38523;1172667655
Cameroon;1957;5359923;Africa;40428;1313048099
Cameroon;1962;5793633;Africa;42643;1399607441
Cameroon;1967;6335506;Africa;44799;1508453148
Cameroon;1972;7021028;Africa;47049;1684146528
Cameroon;1977;7959865;Africa;49355;1783432873
Cameroon;1982;9250831;Africa;52961;2367983282
Cameroon;1987;10780667;Africa;54985;2602664206
Cameroon;1992;12467171;Africa;54314;1793163278
Cameroon;1997;14195809;Africa;52199;1694337469
Cameroon;2002;15929988;Africa;49856;1934011449
Cameroon;2007;17696293;Africa;5043;204209524
Canada;1952;14785584;Americas;6875;1136716112
Canada;1957;17010154;Americas;6996;1248995006
Canada;1962;18985849;Americas;713;1346248555
Canada;1967;20819767;Americas;7213;1607658803
Canada;1972;22284500;Americas;7288;1897057086
Canada;1977;23796400;Americas;7421;2209088306
Canada;1982;25201900;Americas;7576;2289879214
Canada;1987;26549700;Americas;7686;2662651503
Canada;1992;28523502;Americas;7795;2634288426
Canada;1997;30305843;Americas;7861;2895492589
Canada;2002;31902268;Americas;7977;3332896507
Canada;2007;33390141;Americas;80653;3631923501
Central African Republic;1952;1291695;Africa;35463;1071310713
Central African Republic;1957;1392284;Africa;37464;1190844328
Central African Republic;1962;1523478;Africa;39475;1193068753
Central African Republic;1967;1733638;Africa;41478;1136056615
Central African Republic;1972;1927260;Africa;43457;1070013275
Central African Republic;1977;2167533;Africa;46775;1109374338
Central African Republic;1982;2476971;Africa;48295;9567529907
Central African Republic;1987;2840009;Africa;50485;8448763504
Central African Republic;1992;3265124;Africa;49396;7479055252
Central African Republic;1997;3696513;Africa;46066;7405063317
Central African Republic;2002;4048013;Africa;43308;7386906068
Central African Republic;2007;4369038;Africa;44741;706016537
Chad;1952;2682462;Africa;38092;1178665927
Chad;1957;2894855;Africa;39881;1308495577
Chad;1962;3150417;Africa;41716;1389817618
Chad;1967;3495967;Africa;43601;1196810565
Chad;1972;3899068;Africa;45569;1104103987
Chad;1977;4388260;Africa;47383;113398495
Chad;1982;4875118;Africa;49517;7979081006
Chad;1987;5498955;Africa;51051;952386129
Chad;1992;6429417;Africa;51724;10580643
Chad;1997;7562011;Africa;51573;1004961353
Chad;2002;8835739;Africa;50525;115618186
Chad;2007;10238807;Africa;50651;1704063724
Chile;1952;6377619;Americas;54745;3939978789
Chile;1957;7048426;Americas;56074;4315622723
Chile;1962;7961258;Americas;57924;4519094331
Chile;1967;8858908;Americas;60523;5106654313
Chile;1972;9717524;Americas;63441;5494024437
Chile;1977;10599793;Americas;67052;4756763836
Chile;1982;11487112;Americas;70565;5095665738
Chile;1987;12463354;Americas;72492;5547063754
Chile;1992;13572994;Americas;74126;7596125964
Chile;1997;14599929;Americas;75816;1011805318
Chile;2002;15497046;Americas;7786;1077878385
Chile;2007;16284741;Americas;78553;1317163885
China;1952;5,56E+14;Asia;44;4,00E+14
China;1957;637408000;Asia;5054896;5759870009
China;1962;665770000;Asia;4450136;4876740183
China;1967;754550000;Asia;5838112;6127056934
China;1972;862030000;Asia;6311888;6769000921
China;1977;943455000;Asia;6396736;7412374699
China;1982;1000281000;Asia;65525;9624213805
China;1987;1084035000;Asia;67274;1378904018
China;1992;1164970000;Asia;6869;1655784158
China;1997;1230075000;Asia;70426;2289234136
China;2002;1280400000;Asia;72028;3119280896
China;2007;1318683096;Asia;72961;4959114854
Colombia;1952;12350771;Americas;50643;2144115096
Colombia;1957;14485993;Americas;55118;2323805581
Colombia;1962;17009885;Americas;57863;2492351109
Colombia;1967;19764027;Americas;59963;2678729839
Colombia;1972;22542890;Americas;61623;3264660041
Colombia;1977;25094412;Americas;63837;381580787
Colombia;1982;27764644;Americas;66653;4397575659
Colombia;1987;30964245;Americas;67768;49032191
Colombia;1992;34202721;Americas;68421;5444648617
Colombia;1997;37657830;Americas;70313;6117361746
Colombia;2002;41008227;Americas;71682;5755259962
Colombia;2007;44227550;Americas;72889;7006580419
Comoros;1952;153936;Africa;40715;1102990936
Comoros;1957;170928;Africa;4246;1211148548
Comoros;1962;191689;Africa;44467;1406648278
Comoros;1967;217378;Africa;46472;1876029643
Comoros;1972;250027;Africa;48944;1937577675
Comoros;1977;304739;Africa;50939;1172603047
Comoros;1982;348643;Africa;52933;1267100083
Comoros;1987;395114;Africa;54926;1315980812
Comoros;1992;454429;Africa;57939;124690737
Comoros;1997;527982;Africa;6066;1173618235
Comoros;2002;614382;Africa;62974;1075811558
Comoros;2007;710960;Africa;65152;9861478792
Congo Dem. Rep.;1952;14100005;Africa;39143;7805423257
Congo Dem. Rep.;1957;15577932;Africa;40652;9058602303
Congo Dem. Rep.;1962;17486434;Africa;42122;8963146335
Congo Dem. Rep.;1967;19941073;Africa;44056;8615932424
Congo Dem. Rep.;1972;23007669;Africa;45989;9048960685
Congo Dem. Rep.;1977;26480870;Africa;47804;795757282
Congo Dem. Rep.;1982;30646495;Africa;47784;6737478181
Congo Dem. Rep.;1987;35481645;Africa;47412;672774812
Congo Dem. Rep.;1992;41672143;Africa;45548;4577191807
Congo Dem. Rep.;1997;47798986;Africa;42587;312188423
Congo Dem. Rep.;2002;55379852;Africa;44966;2411658765
Congo Dem. Rep.;2007;64606759;Africa;46462;2775518587
Congo Rep.;1952;854885;Africa;42111;2125621418
Congo Rep.;1957;940458;Africa;45053;2315056572
Congo Rep.;1962;1047924;Africa;48435;2464783157
Congo Rep.;1967;1179760;Africa;5204;2677939642
Congo Rep.;1972;1340458;Africa;54907;3213152683
Congo Rep.;1977;1536769;Africa;55625;3259178978
Congo Rep.;1982;1774735;Africa;56695;4879507522
Congo Rep.;1987;2064095;Africa;5747;4201194937
Congo Rep.;1992;2409073;Africa;56433;4016239529
Congo Rep.;1997;2800947;Africa;52962;3484164376
Congo Rep.;2002;3328795;Africa;5297;348406197
Congo Rep.;2007;3800610;Africa;55322;3632557798
Costa Rica;1952;926317;Americas;57206;2627009471
Costa Rica;1957;1112300;Americas;60026;2990010802
Costa Rica;1962;1345187;Americas;62842;3460937025
Costa Rica;1967;1588717;Americas;65424;4161727834
Costa Rica;1972;1834796;Americas;67849;5118146939
Costa Rica;1977;2108457;Americas;7075;5926876967
Costa Rica;1982;2424367;Americas;7345;5262734751
Costa Rica;1987;2799811;Americas;74752;5629915318
Costa Rica;1992;3173216;Americas;75713;6160416317
Costa Rica;1997;3518107;Americas;7726;6677045314
Costa Rica;2002;3834934;Americas;78123;7723447195
Costa Rica;2007;4133884;Americas;78782;964506142
Cote d'Ivoire;1952;2977019;Africa;40477;1388594732
Cote d'Ivoire;1957;3300000;Africa;42469;1500895925
Cote d'Ivoire;1962;3832408;Africa;4493;1728869428
Cote d'Ivoire;1967;4744870;Africa;4735;2052050473
Cote d'Ivoire;1972;6071696;Africa;49801;2378201111
Cote d'Ivoire;1977;7459574;Africa;52374;2517736547
Cote d'Ivoire;1982;9025951;Africa;53983;2602710169
Cote d'Ivoire;1987;10761098;Africa;54655;2156956069
Cote d'Ivoire;1992;12772596;Africa;52044;1648073791
Cote d'Ivoire;1997;14625967;Africa;47991;1786265407
Cote d'Ivoire;2002;16252726;Africa;46832;1648800823
Cote d'Ivoire;2007;18013409;Africa;48328;1544750112
Croatia;1952;3882229;Europe;6121;311923652
Croatia;1957;3991242;Europe;6477;4338231617
Croatia;1962;4076557;Europe;6713;5477890018
Croatia;1967;4174366;Europe;685;6960297861
Croatia;1972;4225310;Europe;6961;9164090127
Croatia;1977;4318673;Europe;7064;1130538517
Croatia;1982;4413368;Europe;7046;1322182184
Croatia;1987;4484310;Europe;7152;1382258394
Croatia;1992;4494013;Europe;72527;8447794873
Croatia;1997;4444595;Europe;7368;9875604515
Croatia;2002;4481020;Europe;74876;1162838895
Croatia;2007;4493312;Europe;75748;1461922272
Cuba;1952;6007797;Americas;59421;558653878
Cuba;1957;6640752;Americas;62325;6092174359
Cuba;1962;7254373;Americas;65246;518075591
Cuba;1967;8139332;Americas;6829;5690268015
Cuba;1972;8831348;Americas;70723;5305445256
Cuba;1977;9537988;Americas;72649;6380494966
Cuba;1982;9789224;Americas;73717;7316918107
Cuba;1987;10239839;Americas;74174;7532924763
Cuba;1992;10723260;Americas;74414;5592843963
Cuba;1997;10983007;Americas;76151;5431990415
Cuba;2002;11226999;Americas;77158;6340646683
Cuba;2007;11416987;Americas;78273;8948102923
Czech Republic;1952;9125183;Europe;6687;687614025
Czech Republic;1957;9513758;Europe;6903;8256343918
Czech Republic;1962;9620282;Europe;699;1013686713
Czech Republic;1967;9835109;Europe;7038;1139944489
Czech Republic;1972;9862158;Europe;7029;131084536
Czech Republic;1977;10161915;Europe;7071;1480016062
Czech Republic;1982;10303704;Europe;7096;1537722855
Czech Republic;1987;10311597;Europe;7158;163104434
Czech Republic;1992;10315702;Europe;724;1429702122
Czech Republic;1997;10300707;Europe;7401;1604851424
Czech Republic;2002;10256295;Europe;7551;1759621022
Czech Republic;2007;10228744;Europe;76486;2283330851
Denmark;1952;4334000;Europe;7078;9692385245
Denmark;1957;4487831;Europe;7181;1109965935
Denmark;1962;4646899;Europe;7235;1358331351
Denmark;1967;4838800;Europe;7296;1593721123
Denmark;1972;4991596;Europe;7347;1886620721
Denmark;1977;5088419;Europe;7469;204229015
Denmark;1982;5117810;Europe;7463;2168804048
Denmark;1987;5127024;Europe;748;2511617581
Denmark;1992;5171393;Europe;7533;2640673985
Denmark;1997;5283663;Europe;7611;2980434567
Denmark;2002;5374693;Europe;7718;3216650006
Denmark;2007;5468120;Europe;78332;3527841874
Djibouti;1952;63149;Africa;34812;2669529475
Djibouti;1957;71851;Africa;37328;2864969076
Djibouti;1962;89898;Africa;39693;3020989263
Djibouti;1967;127617;Africa;42074;3020050513
Djibouti;1972;178848;Africa;44366;3694212352
Djibouti;1977;228694;Africa;46519;3081761022
Djibouti;1982;305991;Africa;48812;2879468067
Djibouti;1987;311025;Africa;5004;2880102568
Djibouti;1992;384156;Africa;51604;2377156192
Djibouti;1997;417908;Africa;53157;1895016984
Djibouti;2002;447416;Africa;53373;1908260867
Djibouti;2007;496374;Africa;54791;2082481567
Dominican Republic;1952;2491346;Americas;45928;1397717137
Dominican Republic;1957;2923186;Americas;49828;1544402995
Dominican Republic;1962;3453434;Americas;53459;1662137359
Dominican Republic;1967;4049146;Americas;56751;1653723003
Dominican Republic;1972;4671329;Americas;59631;2189874499
Dominican Republic;1977;5302800;Americas;61788;26819889
Dominican Republic;1982;5968349;Americas;63727;2861092386
Dominican Republic;1987;6655297;Americas;66046;2899842175
Dominican Republic;1992;7351181;Americas;68457;3044214214
Dominican Republic;1997;7992357;Americas;69957;3614101285
Dominican Republic;2002;8650322;Americas;70847;4563808154
Dominican Republic;2007;9319622;Americas;72235;6025374752
Ecuador;1952;3548753;Americas;48357;3522110717
Ecuador;1957;4058385;Americas;51356;3780546651
Ecuador;1962;4681707;Americas;5464;4086114078
Ecuador;1967;5432424;Americas;56678;4579074215
Ecuador;1972;6298651;Americas;58796;528099471
Ecuador;1977;7278866;Americas;6131;667962326
Ecuador;1982;8365850;Americas;64342;7213791267
Ecuador;1987;9545158;Americas;67231;6481776993
Ecuador;1992;10748394;Americas;69613;7103702595
Ecuador;1997;11911819;Americas;72312;7429455877
Ecuador;2002;12921234;Americas;74173;5773044512
Ecuador;2007;13755680;Americas;74994;6873262326
Egypt;1952;22223309;Africa;41893;1418822445
Egypt;1957;25009741;Africa;44444;1458915272
Egypt;1962;28173309;Africa;46992;1693335853
Egypt;1967;31681188;Africa;49293;1814880728
Egypt;1972;34807417;Africa;51137;2024008147
Egypt;1977;38783863;Africa;53319;2785493582
Egypt;1982;45681811;Africa;56006;3503729636
Egypt;1987;52799062;Africa;59797;388546071
Egypt;1992;59402198;Africa;63674;3794755195
Egypt;1997;66134291;Africa;67217;4173181797
Egypt;2002;73312559;Africa;69806;4754604414
Egypt;2007;80264543;Africa;71338;5581180998
El Salvador;1952;2042865;Americas;45262;30483029
El Salvador;1957;2355805;Americas;4857;3421523218
El Salvador;1962;2747687;Americas;52307;3776803627
El Salvador;1967;3232927;Americas;55855;4358595393
El Salvador;1972;3790903;Americas;58207;4520246008
El Salvador;1977;4282586;Americas;56696;5138922374
El Salvador;1982;4474873;Americas;56604;4098344175
El Salvador;1987;4842194;Americas;63154;4140442097
El Salvador;1992;5274649;Americas;66798;44442317
El Salvador;1997;5783439;Americas;69535;5154825496
El Salvador;2002;6353681;Americas;70734;5351568666
El Salvador;2007;6939688;Americas;71878;5728353514
Equatorial Guinea;1952;216964;Africa;34482;3756431231
Equatorial Guinea;1957;232922;Africa;35983;4260964081
Equatorial Guinea;1962;249220;Africa;37485;5828419714
Equatorial Guinea;1967;259864;Africa;38987;9155960025
Equatorial Guinea;1972;277603;Africa;40516;6724122571
Equatorial Guinea;1977;192675;Africa;42024;9585668124
Equatorial Guinea;1982;285483;Africa;43662;9278253427
Equatorial Guinea;1987;341244;Africa;45664;9668968149
Equatorial Guinea;1992;387838;Africa;47545;1132055034
Equatorial Guinea;1997;439971;Africa;48245;2814480755
Equatorial Guinea;2002;495627;Africa;49348;77034959
Equatorial Guinea;2007;551201;Africa;51579;1215408975
Eritrea;1952;1438760;Africa;35928;3289405571
Eritrea;1957;1542611;Africa;38047;3441618859
Eritrea;1962;1666618;Africa;40158;3809958433
Eritrea;1967;1820319;Africa;42189;4687949699
Eritrea;1972;2260187;Africa;44142;5143242082
Eritrea;1977;2512642;Africa;44535;5057538077
Eritrea;1982;2637297;Africa;4389;5248758493
Eritrea;1987;2915959;Africa;46453;5211341333
Eritrea;1992;3668440;Africa;49991;5828585102
Eritrea;1997;4058319;Africa;53378;91347079
Eritrea;2002;4414865;Africa;5524;7653500015
Eritrea;2007;4906585;Africa;5804;6413695236
Ethiopia;1952;20860941;Africa;34078;3621462796
Ethiopia;1957;22815614;Africa;36667;3789041632
Ethiopia;1962;25145372;Africa;40059;4194564161
Ethiopia;1967;27860297;Africa;42115;5161186438
Ethiopia;1972;30770372;Africa;43515;5662439442
Ethiopia;1977;34617799;Africa;4451;5568083834
Ethiopia;1982;38111756;Africa;44916;5778607471
Ethiopia;1987;42999530;Africa;46684;5737413142
Ethiopia;1992;52088559;Africa;48091;4213534653
Ethiopia;1997;59861301;Africa;49402;5158894013
Ethiopia;2002;67946797;Africa;50725;5300535319
Ethiopia;2007;76511887;Africa;52947;6908055759
Finland;1952;4090500;Europe;6655;6424519071
Finland;1957;4324000;Europe;6749;7545415386
Finland;1962;4491443;Europe;6875;9371842561
Finland;1967;4605744;Europe;6983;1092163626
Finland;1972;4639657;Europe;7087;143588759
Finland;1977;4738902;Europe;7252;1560542283
Finland;1982;4826933;Europe;7455;1853315761
Finland;1987;4931729;Europe;7483;2114101223
Finland;1992;5041039;Europe;757;2064716499
Finland;1997;5134406;Europe;7713;237239502
Finland;2002;5193039;Europe;7837;2820459057
Finland;2007;5238460;Europe;79313;332070844
France;1952;42459667;Europe;6741;7029809327
France;1957;44310863;Europe;6893;8662834898
France;1962;47124000;Europe;7051;1056048553
France;1967;49569000;Europe;7155;1299991766
France;1972;51732000;Europe;7238;1610719171
France;1977;53165019;Europe;7383;1829263514
France;1982;54433565;Europe;7489;2029389746
France;1987;55630100;Europe;7634;2206644214
France;1992;57374179;Europe;7746;2470379615
France;1997;58623428;Europe;7864;2588978487
France;2002;59925035;Europe;7959;2892603234
France;2007;61083916;Europe;80657;304700167
Gabon;1952;420702;Africa;37003;4293476475
Gabon;1957;434904;Africa;38999;4976198099
Gabon;1962;455661;Africa;40489;6631459222
Gabon;1967;489004;Africa;44598;8358761987
Gabon;1972;537977;Africa;4869;1140194841
Gabon;1977;706367;Africa;5279;2174557328
Gabon;1982;753874;Africa;56564;1511336194
Gabon;1987;880397;Africa;6019;1186440844
Gabon;1992;985739;Africa;61366;1352215752
Gabon;1997;1126189;Africa;60461;1472284188
Gabon;2002;1299304;Africa;56761;1252171392
Gabon;2007;1454867;Africa;56735;1320648452
Gambia;1952;284320;Africa;30;4852306591
Gambia;1957;323150;Africa;32065;5209267111
Gambia;1962;374020;Africa;33896;599650276
Gambia;1967;439593;Africa;35857;7347829124
Gambia;1972;517101;Africa;38308;7560868363
Gambia;1977;608274;Africa;41842;8847552507
Gambia;1982;715523;Africa;4558;8358096108
Gambia;1987;848406;Africa;49265;6116588611
Gambia;1992;1025384;Africa;52644;6656244126
Gambia;1997;1235767;Africa;55861;6537301704
Gambia;2002;1457766;Africa;58041;6605855997
Gambia;2007;1688359;Africa;59448;7527497265
Germany;1952;69145952;Europe;675;7144114393
Germany;1957;71019069;Europe;691;1018782665
Germany;1962;73739117;Europe;703;1290246291
Germany;1967;76368453;Europe;708;1474562561
Germany;1972;78717088;Europe;71;1801618027
Germany;1977;78160773;Europe;725;2051292123
Germany;1982;78335266;Europe;738;2203153274
Germany;1987;77718298;Europe;74847;2463918566
Germany;1992;80597764;Europe;7607;2650530317
Germany;1997;82011073;Europe;7734;2778888416
Germany;2002;82350671;Europe;7867;3003580198
Germany;2007;82400996;Europe;79406;3217037442
Ghana;1952;5581001;Africa;43149;9112989371
Ghana;1957;6391288;Africa;44779;1043561537
Ghana;1962;7355248;Africa;46452;1190041118
Ghana;1967;8490213;Africa;48072;112569716
Ghana;1972;9354120;Africa;49875;1178223708
Ghana;1977;10538093;Africa;51756;9932239571
Ghana;1982;11400338;Africa;53744;876032569
Ghana;1987;14168101;Africa;55729;8470061135
Ghana;1992;16278738;Africa;57501;925060154
Ghana;1997;18418288;Africa;58556;1005245812
Ghana;2002;20550751;Africa;58453;1111984578
Ghana;2007;22873338;Africa;60022;132760891
Greece;1952;7733250;Europe;6586;3530690067
Greece;1957;8096218;Europe;6786;4916299889
Greece;1962;8448233;Europe;6951;6017190733
Greece;1967;8716441;Europe;71;8513097016
Greece;1972;8888628;Europe;7234;1272482957
Greece;1977;9308479;Europe;7368;1419552428
Greece;1982;9786480;Europe;7524;1526842089
Greece;1987;9974490;Europe;7667;1612052839
Greece;1992;10325429;Europe;7703;1754149634
Greece;1997;10502372;Europe;77869;1874769814
Greece;2002;10603863;Europe;78256;225142548
Greece;2007;10706290;Europe;79483;2753841188
Guatemala;1952;3146381;Americas;42023;2428237769
Guatemala;1957;3640876;Americas;44142;2617155967
Guatemala;1962;4208858;Americas;46954;2750364446
Guatemala;1967;4690773;Americas;50016;3242531147
Guatemala;1972;5149581;Americas;53738;4031408271
Guatemala;1977;5703430;Americas;56029;4879992748
Guatemala;1982;6395630;Americas;58137;482049479
Guatemala;1987;7326406;Americas;60782;4246485974
Guatemala;1992;8486949;Americas;63373;443945084
Guatemala;1997;9803875;Americas;66322;4684313807
Guatemala;2002;11178650;Americas;68978;4858347495
Guatemala;2007;12572928;Americas;70259;5186050003
Guinea;1952;2664249;Africa;33609;5101964923
Guinea;1957;2876726;Africa;34558;5762670245
Guinea;1962;3140003;Africa;35753;6863736739
Guinea;1967;3451418;Africa;37197;7087595409
Guinea;1972;3811387;Africa;38842;7416662307
Guinea;1977;4227026;Africa;40762;8746858643
Guinea;1982;4710497;Africa;42891;8572503577
Guinea;1987;5650262;Africa;45552;8055724718
Guinea;1992;6990574;Africa;48576;7943484384
Guinea;1997;8048834;Africa;51455;8694497668
Guinea;2002;8807818;Africa;53676;9455835837
Guinea;2007;9947814;Africa;56007;9426542111
Guinea-Bissau;1952;580653;Africa;325;299850319
Guinea-Bissau;1957;601095;Africa;33489;4317904566
Guinea-Bissau;1962;627820;Africa;34488;5220343725
Guinea-Bissau;1967;601287;Africa;35492;7155806402
Guinea-Bissau;1972;625361;Africa;36486;8202245876
Guinea-Bissau;1977;745228;Africa;37465;7647259628
Guinea-Bissau;1982;825987;Africa;39327;8381239671
Guinea-Bissau;1987;927524;Africa;41245;7364153921
Guinea-Bissau;1992;1050938;Africa;43266;7455398706
Guinea-Bissau;1997;1193708;Africa;44873;7966644681
Guinea-Bissau;2002;1332459;Africa;45504;5757047176
Guinea-Bissau;2007;1472041;Africa;46388;579231743
Haiti;1952;3201488;Americas;37579;1840366939
Haiti;1957;3507701;Americas;40696;1726887882
Haiti;1962;3880130;Americas;4359;1796589032
Haiti;1967;4318137;Americas;46243;1452057666
Haiti;1972;4698301;Americas;48042;1654456946
Haiti;1977;4908554;Americas;49923;1874298931
Haiti;1982;5198399;Americas;51461;2011159549
Haiti;1987;5756203;Americas;53636;1823015995
Haiti;1992;6326682;Americas;55089;1456309517
Haiti;1997;6913545;Americas;56671;1341726931
Haiti;2002;7607651;Americas;58137;1270364932
Haiti;2007;8502814;Americas;60916;1201637154
Honduras;1952;1517453;Americas;41912;2194926204
Honduras;1957;1770390;Americas;44665;2220487682
Honduras;1962;2090162;Americas;48041;2291156835
Honduras;1967;2500689;Americas;50924;2538269358
Honduras;1972;2965146;Americas;53884;2529842345
Honduras;1977;3055235;Americas;57402;3203208066
Honduras;1982;3669448;Americas;60909;3121760794
Honduras;1987;4372203;Americas;64492;3023096699
Honduras;1992;5077347;Americas;66399;3081694603
Honduras;1997;5867957;Americas;67659;3160454906
Honduras;2002;6677328;Americas;68565;309972866
Honduras;2007;7483763;Americas;70198;3548330846
Hong Kong China;1952;2125900;Asia;6096;3054421209
Hong Kong China;1957;2736300;Asia;6475;3629076457
Hong Kong China;1962;3305200;Asia;6765;4692648272
Hong Kong China;1967;3722800;Asia;70;6197962814
Hong Kong China;1972;4115700;Asia;72;8315928145
Hong Kong China;1977;4583700;Asia;736;1118614125
Hong Kong China;1982;5264500;Asia;7545;1456053051
Hong Kong China;1987;5584510;Asia;762;2003847269
Hong Kong China;1992;5829696;Asia;77601;2475760301
Hong Kong China;1997;6495918;Asia;80;2837763219
Hong Kong China;2002;6762476;Asia;81495;3020901516
Hong Kong China;2007;6980412;Asia;82208;3972497867
Hungary;1952;9504000;Europe;6403;5263673816
Hungary;1957;9839000;Europe;6641;6040180011
Hungary;1962;10063000;Europe;6796;7550359877
Hungary;1967;10223422;Europe;695;932664467
Hungary;1972;10394091;Europe;6976;1016865611
Hungary;1977;10637171;Europe;6995;1167483737
Hungary;1982;10705535;Europe;6939;1254599066
Hungary;1987;10612740;Europe;6958;1298647998
Hungary;1992;10348684;Europe;6917;1053562855
Hungary;1997;10244684;Europe;7104;117127768
Hungary;2002;10083313;Europe;7259;1484393556
Hungary;2007;9956108;Europe;73338;1800894444
Iceland;1952;147962;Europe;7249;7267688428
Iceland;1957;165110;Europe;7347;9244001412
Iceland;1962;182053;Europe;7368;1035015906
Iceland;1967;198676;Europe;7373;1331989568
Iceland;1972;209275;Europe;7446;1579806362
Iceland;1977;221823;Europe;7611;1965496247
Iceland;1982;233997;Europe;7699;232696075
Iceland;1987;244676;Europe;7723;2692320628
Iceland;1992;259012;Europe;7877;2514439201
Iceland;1997;271192;Europe;7895;2806109966
Iceland;2002;288030;Europe;805;3116320196
Iceland;2007;301931;Europe;81757;3618078919
India;1952;37200000000;Asia;37373;5465657493
India;1957;40900000000;Asia;40249;590061996
India;1962;45400000000;Asia;43605;6583471509
India;1967;50600000000;Asia;47193;7007706107
India;1972;56700000000;Asia;50651;724032527
India;1977;63400000000;Asia;54208;813337323
India;1982;70800000000;Asia;56596;8557235377
India;1987;78800000000;Asia;58553;9765126756
India;1992;87200000000;Asia;60223;1164406809
India;1997;95900000000;Asia;61765;1458817442
India;2002;1034172547;Asia;62879;1746769454
India;2007;1110396331;Asia;64698;2452210407
Indonesia;1952;82052000;Asia;37468;7496816546
Indonesia;1957;90124000;Asia;39918;8589002707
Indonesia;1962;99028000;Asia;42518;8492897701
Indonesia;1967;109343000;Asia;45964;7624317721
Indonesia;1972;121282000;Asia;49203;1111107907
Indonesia;1977;136725000;Asia;52702;1382702056
Indonesia;1982;153343000;Asia;56159;1516872988
Indonesia;1987;169276000;Asia;60137;1748356961
Indonesia;1992;184816000;Asia;62681;2383140898
Indonesia;1997;199278000;Asia;66041;3119335603
Indonesia;2002;211060000;Asia;68588;287391287
Indonesia;2007;223547000;Asia;7065;3540651564
Iran;1952;17272000;Asia;44869;3035326002
Iran;1957;19792000;Asia;47181;3290257643
Iran;1962;22874000;Asia;49325;4187329802
Iran;1967;26538000;Asia;52469;5906731805
Iran;1972;30614000;Asia;55234;9613818607
Iran;1977;35480679;Asia;57702;1188859508
Iran;1982;43072751;Asia;5962;7608334602
Iran;1987;51889696;Asia;6304;6642881371
Iran;1992;60397973;Asia;65742;7235653188
Iran;1997;63327987;Asia;68042;8263590301
Iran;2002;66907826;Asia;69451;9240761975
Iran;2007;69453570;Asia;70964;1160571449
Iraq;1952;5441766;Asia;4532;4129766056
Iraq;1957;6248643;Asia;48437;6229333562
Iraq;1962;7240260;Asia;51457;8341737815
Iraq;1967;8519282;Asia;54459;8931459811
Iraq;1972;10061506;Asia;5695;9576037596
Iraq;1977;11882916;Asia;60413;1468823507
Iraq;1982;14173318;Asia;62038;1451790711
Iraq;1987;16543189;Asia;65044;1164357268
Iraq;1992;17861905;Asia;59461;3745640687
Iraq;1997;20775703;Asia;58811;3076239795
Iraq;2002;24001816;Asia;57046;4390717312
Iraq;2007;27499638;Asia;59545;4471061906
Ireland;1952;2952156;Europe;6691;5210280328
Ireland;1957;2878220;Europe;689;5599077872
Ireland;1962;2830000;Europe;7029;6631597314
Ireland;1967;2900100;Europe;7108;7655568963
Ireland;1972;3024400;Europe;7128;9530772896
Ireland;1977;3271900;Europe;7203;1115098113
Ireland;1982;3480000;Europe;731;1261832141
Ireland;1987;3539900;Europe;7436;1387286652
Ireland;1992;3557761;Europe;75467;1755881555
Ireland;1997;3667233;Europe;76122;2452194713
Ireland;2002;3879155;Europe;77783;3407704939
Ireland;2007;4109086;Europe;78885;4067599635
Israel;1952;1620914;Asia;6539;4086522128
Israel;1957;1944401;Asia;6784;5385278451
Israel;1962;2310904;Asia;6939;7105630706
Israel;1967;2693585;Asia;7075;8393741404
Israel;1972;3095893;Asia;7163;1278693223
Israel;1977;3495918;Asia;7306;1330661921
Israel;1982;3858421;Asia;7445;153670292
Israel;1987;4203148;Asia;756;1712247986
Israel;1992;4936550;Asia;7693;1805152254
Israel;1997;5531387;Asia;78269;2089660924
Israel;2002;6029529;Asia;79696;2190559514
Israel;2007;6426679;Asia;80745;255232771
Italy;1952;47666000;Europe;6594;4931404155
Italy;1957;49182000;Europe;6781;6248656232
Italy;1962;50843200;Europe;6924;824358234
Italy;1967;52667100;Europe;7106;1002240131
Italy;1972;54365564;Europe;7219;1226927378
Italy;1977;56059245;Europe;7348;1425598475
Italy;1982;56535636;Europe;7498;165374835
Italy;1987;56729703;Europe;7642;1920723482
Italy;1992;56840847;Europe;7744;2201364486
Italy;1997;57479469;Europe;7882;2467502446
Italy;2002;57926999;Europe;8024;2796809817
Italy;2007;58147733;Europe;80546;285697197
Jamaica;1952;1426095;Americas;5853;2898530881
Jamaica;1957;1535090;Americas;6261;4756525781
Jamaica;1962;1665128;Americas;6561;5246107524
Jamaica;1967;1861096;Americas;6751;6124703451
Jamaica;1972;1997616;Americas;69;7433889293
Jamaica;1977;2156814;Americas;7011;6650195573
Jamaica;1982;2298309;Americas;7121;606805135
Jamaica;1987;2326606;Americas;7177;6351237495
Jamaica;1992;2378618;Americas;71766;7404923685
Jamaica;1997;2531311;Americas;72262;7121924704
Jamaica;2002;2664659;Americas;72047;6994774861
Jamaica;2007;2780132;Americas;72567;7320880262
Japan;1952;86459025;Asia;6303;3216956347
Japan;1957;91563009;Asia;655;4317694365
Japan;1962;95831757;Asia;6873;6576649461
Japan;1967;100825279;Asia;7143;9847788607
Japan;1972;107188273;Asia;7342;1477878636
Japan;1977;113872473;Asia;7538;1661037701
Japan;1982;118454974;Asia;7711;1938410571
Japan;1987;122091325;Asia;7867;2237594189
Japan;1992;124329269;Asia;7936;2682489511
Japan;1997;125956499;Asia;8069;2881658499
Japan;2002;127065841;Asia;82;286045919
Japan;2007;127467972;Asia;82603;3165606806
Jordan;1952;607914;Asia;43158;1546907807
Jordan;1957;746559;Asia;45669;1886080591
Jordan;1962;933559;Asia;48126;2348009158
Jordan;1967;1255058;Asia;51629;2741796252
Jordan;1972;1613551;Asia;56528;2110856309
Jordan;1977;1937652;Asia;61134;2852351568
Jordan;1982;2347031;Asia;63739;4161415959
Jordan;1987;2820042;Asia;65869;4448679912
Jordan;1992;3867409;Asia;68015;3431593647
Jordan;1997;4526235;Asia;69772;3645379572
Jordan;2002;5307470;Asia;71263;3844917194
Jordan;2007;6053193;Asia;72535;4519461171
Kenya;1952;6464046;Africa;4227;853540919
Kenya;1957;7454779;Africa;44686;9444383152
Kenya;1962;8678557;Africa;47949;8969663732
Kenya;1967;10191512;Africa;50654;1056736457
Kenya;1972;12044785;Africa;53559;1222359968
Kenya;1977;14500404;Africa;56155;1267613204
Kenya;1982;17661452;Africa;58766;1348225791
Kenya;1987;21198082;Africa;59339;1361936856
Kenya;1992;25020539;Africa;59285;1341921721
Kenya;1997;28263827;Africa;54407;1360485021
Kenya;2002;31386842;Africa;50992;1287514732
Kenya;2007;35610177;Africa;5411;1463249282
Korea Dem. Rep.;1952;8865488;Asia;50056;1088277758
Korea Dem. Rep.;1957;9411381;Asia;54081;1571134655
Korea Dem. Rep.;1962;10917494;Asia;56656;1621693598
Korea Dem. Rep.;1967;12617009;Asia;59942;2143540609
Korea Dem. Rep.;1972;14781241;Asia;63983;3701621503
Korea Dem. Rep.;1977;16325320;Asia;67159;4106301249
Korea Dem. Rep.;1982;17647518;Asia;691;4106525293
Korea Dem. Rep.;1987;19067554;Asia;70647;4106492315
Korea Dem. Rep.;1992;20711375;Asia;69978;3726063507
Korea Dem. Rep.;1997;21585105;Asia;67727;1690756814
Korea Dem. Rep.;2002;22215365;Asia;66662;1646758151
Korea Dem. Rep.;2007;23301725;Asia;67297;159306548
Korea Rep.;1952;20947571;Asia;47453;1030592226
Korea Rep.;1957;22611552;Asia;52681;1487593537
Korea Rep.;1962;26420307;Asia;55292;1536344387
Korea Rep.;1967;30131000;Asia;57716;2029228142
Korea Rep.;1972;33505000;Asia;62612;303087665
Korea Rep.;1977;36436000;Asia;64766;465722102
Korea Rep.;1982;39326000;Asia;67123;5622942464
Korea Rep.;1987;41622000;Asia;6981;8533088805
Korea Rep.;1992;43805450;Asia;72244;1210427872
Korea Rep.;1997;46173816;Asia;74647;1599352796
Korea Rep.;2002;47969150;Asia;77045;1923398818
Korea Rep.;2007;49044790;Asia;78623;2334813973
Kuwait;1952;160000;Asia;55565;1083823529
Kuwait;1957;212846;Asia;58033;1135231329
Kuwait;1962;358266;Asia;6047;9545811176
Kuwait;1967;575003;Asia;64624;8089488326
Kuwait;1972;841934;Asia;67712;109347867
Kuwait;1977;1140357;Asia;69343;5926547714
Kuwait;1982;1497494;Asia;71309;3135403573
Kuwait;1987;1891487;Asia;74174;2811842998
Kuwait;1992;1418095;Asia;7519;3493291959
Kuwait;1997;1765345;Asia;76156;4030061996
Kuwait;2002;2111561;Asia;76904;3511010566
Kuwait;2007;2505559;Asia;77588;4730698978
Lebanon;1952;1439529;Asia;55928;4834804067
Lebanon;1957;1647412;Asia;59489;6089786934
Lebanon;1962;1886848;Asia;62094;5714560611
Lebanon;1967;2186894;Asia;6387;6006983042
Lebanon;1972;2680018;Asia;65421;7486384341
Lebanon;1977;3115787;Asia;66099;8659696836
Lebanon;1982;3086876;Asia;66983;7640519521
Lebanon;1987;3089353;Asia;67926;5377091329
Lebanon;1992;3219994;Asia;69292;6890806854
Lebanon;1997;3430388;Asia;70265;875496385
Lebanon;2002;3677780;Asia;71028;931393883
Lebanon;2007;3921278;Asia;71993;1046105868
Lesotho;1952;748747;Africa;42138;2988462121
Lesotho;1957;813338;Africa;45047;3359971151
Lesotho;1962;893143;Africa;47747;4118006266
Lesotho;1967;996380;Africa;48492;4986390265
Lesotho;1972;1116779;Africa;49767;4965815922
Lesotho;1977;1251524;Africa;52208;7453695408
Lesotho;1982;1411807;Africa;55078;7972631074
Lesotho;1987;1599200;Africa;5718;7739932141
Lesotho;1992;1803195;Africa;59685;9774862725
Lesotho;1997;1982823;Africa;55558;1186147994
Lesotho;2002;2046772;Africa;44593;1275184575
Lesotho;2007;2012649;Africa;42592;1569331442
Liberia;1952;863308;Africa;3848;5755729961
Liberia;1957;975950;Africa;39486;6209699901
Liberia;1962;1112796;Africa;40502;6341951625
Liberia;1967;1279406;Africa;41536;7136036483
Liberia;1972;1482628;Africa;42614;8030054535
Liberia;1977;1703617;Africa;43764;6403224383
Liberia;1982;1956875;Africa;44852;5721995694
Liberia;1987;2269414;Africa;46027;5061138573
Liberia;1992;1912974;Africa;40802;6366229191
Liberia;1997;2200725;Africa;42221;6091739508
Liberia;2002;2814651;Africa;43753;5314823679
Liberia;2007;3193942;Africa;45678;4145073415
Libya;1952;1019729;Africa;42723;238754806
Libya;1957;1201578;Africa;45289;3448284395
Libya;1962;1441863;Africa;47808;6757030816
Libya;1967;1759224;Africa;50227;1877275169
Libya;1972;2183877;Africa;52773;2101149721
Libya;1977;2721783;Africa;57442;2195121176
Libya;1982;3344074;Africa;62155;1736427538
Libya;1987;3799845;Africa;66234;117705898
Libya;1992;4364501;Africa;68755;9640138501
Libya;1997;4759670;Africa;71555;9467446056
Libya;2002;5368585;Africa;72737;9534677467
Libya;2007;6036914;Africa;73952;1205749928
Madagascar;1952;4762912;Africa;36681;1443011715
Madagascar;1957;5181679;Africa;38865;158920275
Madagascar;1962;5703324;Africa;40848;164338711
Madagascar;1967;6334556;Africa;42881;1634047282
Madagascar;1972;7082430;Africa;44851;1748562982
Madagascar;1977;8007166;Africa;46881;1544228586
Madagascar;1982;9171477;Africa;48969;1302878658
Madagascar;1987;10568642;Africa;4935;1155441948
Madagascar;1992;12210395;Africa;52214;104067619
Madagascar;1997;14165114;Africa;54978;9862958956
Madagascar;2002;16473477;Africa;57286;8946370822
Madagascar;2007;19167654;Africa;59443;1044770126
Malawi;1952;2917802;Africa;36256;3691650802
Malawi;1957;3221238;Africa;37207;4163698064
Malawi;1962;3628608;Africa;3841;4279010856
Malawi;1967;4147252;Africa;39487;4955147806
Malawi;1972;4730997;Africa;41766;5846219709
Malawi;1977;5637246;Africa;43767;6632236766
Malawi;1982;6502825;Africa;45642;6328039209
Malawi;1987;7824747;Africa;47457;6355173634
Malawi;1992;10014249;Africa;4942;5632000145
Malawi;1997;10419991;Africa;47495;6922758103
Malawi;2002;11824495;Africa;45009;6654231186
Malawi;2007;13327079;Africa;48303;7593499101
Malaysia;1952;6748378;Asia;48463;1831132894
Malaysia;1957;7739235;Asia;52102;1810066992
Malaysia;1962;8906385;Asia;55737;2036884944
Malaysia;1967;10154878;Asia;59371;2277742396
Malaysia;1972;11441462;Asia;6301;284909478
Malaysia;1977;12845381;Asia;65256;3827921571
Malaysia;1982;14441916;Asia;68;4920355951
Malaysia;1987;16331785;Asia;695;5249802653
Malaysia;1992;18319502;Asia;70693;7277912802
Malaysia;1997;20476091;Asia;71938;1013290964
Malaysia;2002;22662365;Asia;73044;1020697794
Malaysia;2007;24821286;Asia;74241;124516558
Mali;1952;3838168;Africa;33685;4523369807
Mali;1957;4241884;Africa;35307;4903821867
Mali;1962;4690372;Africa;36936;4961743428
Mali;1967;5212416;Africa;38487;5450098873
Mali;1972;5828158;Africa;39977;5813688761
Mali;1977;6491649;Africa;41714;6863952693
Mali;1982;6998256;Africa;43916;6180140641
Mali;1987;7634008;Africa;46364;6841715576
Mali;1992;8416215;Africa;48388;739014375
Mali;1997;9384984;Africa;49903;7902579846
Mali;2002;10580176;Africa;51818;9514097518
Mali;2007;12031795;Africa;54467;1042581557
Mauritania;1952;1022556;Africa;40543;7431159097
Mauritania;1957;1076852;Africa;42338;8461202613
Mauritania;1962;1146757;Africa;44248;1055896036
Mauritania;1967;1230542;Africa;46289;1421145193
Mauritania;1972;1332786;Africa;48437;1586851781
Mauritania;1977;1456688;Africa;50852;1497492223
Mauritania;1982;1622136;Africa;53599;1481150189
Mauritania;1987;1841240;Africa;56145;1421603576
Mauritania;1992;2119465;Africa;58333;1361369784
Mauritania;1997;2444741;Africa;6043;1483136136
Mauritania;2002;2828858;Africa;62247;1579019543
Mauritania;2007;3270065;Africa;64164;1803151496
Mauritius;1952;516556;Africa;50986;1967955707
Mauritius;1957;609816;Africa;58089;2034037981
Mauritius;1962;701016;Africa;60246;2529067487
Mauritius;1967;789309;Africa;61557;2475387562
Mauritius;1972;851334;Africa;62944;2575484158
Mauritius;1977;913025;Africa;6493;3710982963
Mauritius;1982;992040;Africa;66711;3688037739
Mauritius;1987;1042663;Africa;6874;4783586903
Mauritius;1992;1096202;Africa;69745;6058253846
Mauritius;1997;1149818;Africa;70736;7425705295
Mauritius;2002;1200206;Africa;71954;9021815894
Mauritius;2007;1250882;Africa;72801;1095699112
Mexico;1952;30144317;Americas;50789;3478125529
Mexico;1957;35015548;Americas;5519;4131546641
Mexico;1962;41121485;Americas;58299;4581609385
Mexico;1967;47995559;Americas;6011;5754733883
Mexico;1972;55984294;Americas;62361;680940669
Mexico;1977;63759976;Americas;65032;7674929108
Mexico;1982;71640904;Americas;67405;9611147541
Mexico;1987;80122492;Americas;69498;8688156003
Mexico;1992;88111030;Americas;71455;9472384295
Mexico;1997;95895146;Americas;7367;976729753
Mexico;2002;102479927;Americas;74902;1074244053
Mexico;2007;108700891;Americas;76195;1197757496
Mongolia;1952;800663;Asia;42244;7865668575
Mongolia;1957;882134;Asia;45248;9126626085
Mongolia;1962;1010280;Asia;48251;1056353958
Mongolia;1967;1149500;Asia;51253;122604113
Mongolia;1972;1320500;Asia;53754;1421741975
Mongolia;1977;1528000;Asia;55491;1647511665
Mongolia;1982;1756032;Asia;57489;2000603139
Mongolia;1987;2015133;Asia;60222;2338008304
Mongolia;1992;2312802;Asia;61271;1785402016
Mongolia;1997;2494803;Asia;63625;19022521
Mongolia;2002;2674234;Asia;65033;2140739323
Mongolia;2007;2874127;Asia;66803;3095772271
Montenegro;1952;413834;Europe;59164;2647585601
Montenegro;1957;442829;Europe;61448;3682259903
Montenegro;1962;474528;Europe;63728;4649593785
Montenegro;1967;501035;Europe;67178;5907850937
Montenegro;1972;527678;Europe;70636;7778414017
Montenegro;1977;560073;Europe;73066;9595929905
Montenegro;1982;562548;Europe;74101;1122258762
Montenegro;1987;569473;Europe;74865;1173251017
Montenegro;1992;621621;Europe;75435;7003339037
Montenegro;1997;692651;Europe;75445;6465613349
Montenegro;2002;720230;Europe;73981;6557194282
Montenegro;2007;684736;Europe;74543;9253896111
Morocco;1952;9939217;Africa;42873;168820357
Morocco;1957;11406350;Africa;45423;1642002314
Morocco;1962;13056604;Africa;47924;1566353493
Morocco;1967;14770296;Africa;50335;171104477
Morocco;1972;16660670;Africa;52862;1930194975
Morocco;1977;18396941;Africa;5573;2370619976
Morocco;1982;20198730;Africa;5965;2702620356
Morocco;1987;22987397;Africa;62677;2755046991
Morocco;1992;25798239;Africa;65393;2948047252
Morocco;1997;28529501;Africa;6766;2982101858
Morocco;2002;31167783;Africa;69615;3258495584
Morocco;2007;33757175;Africa;71164;382017523
Mozambique;1952;6446316;Africa;31286;4685260381
Mozambique;1957;7038035;Africa;33779;4955868333
Mozambique;1962;7788944;Africa;36161;5566863539
Mozambique;1967;8680909;Africa;38113;5666691539
Mozambique;1972;9809596;Africa;40328;7249178037
Mozambique;1977;11127868;Africa;42495;5023197334
Mozambique;1982;12587223;Africa;42795;4622114149
Mozambique;1987;12891952;Africa;42861;3898761846
Mozambique;1992;13160731;Africa;44284;4108968239
Mozambique;1997;16603334;Africa;46344;4723460771
Mozambique;2002;18473780;Africa;44026;6336179466
Mozambique;2007;19951656;Africa;42082;8236856205
Myanmar;1952;20092996;Asia;36319;331
Myanmar;1957;21731844;Asia;41905;350
Myanmar;1962;23634436;Asia;45108;388
Myanmar;1967;25870271;Asia;49379;349
Myanmar;1972;28466390;Asia;5307;357
Myanmar;1977;31528087;Asia;56059;371
Myanmar;1982;34680442;Asia;58056;424
Myanmar;1987;38028578;Asia;58339;385
Myanmar;1992;40546538;Asia;5932;347
Myanmar;1997;43247867;Asia;60328;415
Myanmar;2002;45598081;Asia;59908;611
Myanmar;2007;47761980;Asia;62069;944
Namibia;1952;485831;Africa;41725;2423780443
Namibia;1957;548080;Africa;45226;2621448058
Namibia;1962;621392;Africa;48386;3173215595
Namibia;1967;706640;Africa;51159;3793694753
Namibia;1972;821782;Africa;53867;3746080948
Namibia;1977;977026;Africa;56437;3876485958
Namibia;1982;1099010;Africa;58968;4191100511
Namibia;1987;1278184;Africa;60835;3693731337
Namibia;1992;1554253;Africa;61999;3804537999
Namibia;1997;1774766;Africa;58909;389952426
Namibia;2002;1972153;Africa;51479;4072324751
Namibia;2007;2055080;Africa;52906;4811060429
Nepal;1952;9182536;Asia;36157;5458657229
Nepal;1957;9682338;Asia;37686;5979363558
Nepal;1962;10332057;Asia;39393;6523968593
Nepal;1967;11261690;Asia;41472;6764422254
Nepal;1972;12412593;Asia;43971;6747881296
Nepal;1977;13933198;Asia;46748;6941124398
Nepal;1982;15796314;Asia;49594;7183730947
Nepal;1987;17917180;Asia;52537;7756324501
Nepal;1992;20326209;Asia;55727;8977403604
Nepal;1997;23001113;Asia;59426;1010892138
Nepal;2002;25873917;Asia;6134;1057206311
Nepal;2007;28901790;Asia;63785;1091359778
Netherlands;1952;10381988;Europe;7213;8941571858
Netherlands;1957;11026383;Europe;7299;1127619344
Netherlands;1962;11805689;Europe;7323;1279084956
Netherlands;1967;12596822;Europe;7382;1536325136
Netherlands;1972;13329874;Europe;7375;1879474567
Netherlands;1977;13852989;Europe;7524;212090592
Netherlands;1982;14310401;Europe;7605;2139946046
Netherlands;1987;14665278;Europe;7683;2365132361
Netherlands;1992;15174244;Europe;7742;2679094961
Netherlands;1997;15604464;Europe;7803;3024613063
Netherlands;2002;16122830;Europe;7853;3372475778
Netherlands;2007;16570613;Europe;79762;3679793332
New Zealand;1952;1994794;Oceania;6939;1055657566
New Zealand;1957;2229407;Oceania;7026;1224739532
New Zealand;1962;2488550;Oceania;7124;13175678
New Zealand;1967;2728150;Oceania;7152;1446391893
New Zealand;1972;2929100;Oceania;7189;1604603728
New Zealand;1977;3164900;Oceania;7222;162337177
New Zealand;1982;3210650;Oceania;7384;176324104
New Zealand;1987;3317166;Oceania;7432;1900719129
New Zealand;1992;3437674;Oceania;7633;1836332494
New Zealand;1997;3676187;Oceania;7755;2105041377
New Zealand;2002;3908037;Oceania;7911;2318980135
New Zealand;2007;4115771;Oceania;80204;2518500911
Nicaragua;1952;1165790;Americas;42314;3112363948
Nicaragua;1957;1358828;Americas;45432;3457415947
Nicaragua;1962;1590597;Americas;48632;3634364406
Nicaragua;1967;1865490;Americas;51884;4643393534
Nicaragua;1972;2182908;Americas;55151;4688593267
Nicaragua;1977;2554598;Americas;5747;5486371089
Nicaragua;1982;2979423;Americas;59298;3470338156
Nicaragua;1987;3344353;Americas;62008;2955984375
Nicaragua;1992;4017939;Americas;65843;2170151724
Nicaragua;1997;4609572;Americas;68426;2253023004
Nicaragua;2002;5146848;Americas;70836;2474548819
Nicaragua;2007;5675356;Americas;72899;2749320965
Niger;1952;3379468;Africa;37444;761879376
Niger;1957;3692184;Africa;38598;8355234025
Niger;1962;4076008;Africa;39487;9977661127
Niger;1967;4534062;Africa;40118;1054384891
Niger;1972;5060262;Africa;40546;9542092363
Niger;1977;5682086;Africa;41291;8088970728
Niger;1982;6437188;Africa;42598;9097221354
Niger;1987;7332638;Africa;44555;6683000228
Niger;1992;8392818;Africa;47391;581182725
Niger;1997;9666252;Africa;51313;5803052092
Niger;2002;11140655;Africa;54496;6010745012
Niger;2007;12894865;Africa;56867;6196768924
Nigeria;1952;33119096;Africa;36324;1077281856
Nigeria;1957;37173340;Africa;37802;1100592563
Nigeria;1962;41871351;Africa;3936;1150927478
Nigeria;1967;47287752;Africa;4104;1014514104
Nigeria;1972;53740085;Africa;42821;1698388838
Nigeria;1977;62209173;Africa;44514;1981951806
Nigeria;1982;73039376;Africa;45826;157697375
Nigeria;1987;81551520;Africa;46886;1385029563
Nigeria;1992;93364244;Africa;47472;1619848217
Nigeria;1997;106207839;Africa;47464;1624941275
Nigeria;2002;119901274;Africa;46608;1615286395
Nigeria;2007;135031164;Africa;46859;2013977305
Norway;1952;3327728;Europe;7267;1009542172
Norway;1957;3491938;Europe;7344;1165397304
Norway;1962;3638919;Europe;7347;1345040151
Norway;1967;3786019;Europe;7408;1636187647
Norway;1972;3933004;Europe;7434;1896505551
Norway;1977;4043205;Europe;7537;2331134939
Norway;1982;4114787;Europe;7597;2629863531
Norway;1987;4186147;Europe;7589;315409748
Norway;1992;4286357;Europe;7732;3396566115
Norway;1997;4405672;Europe;7832;4128316433
Norway;2002;4535591;Europe;7905;4468397525
Norway;2007;4627926;Europe;80196;4935719017
Oman;1952;507833;Asia;37578;1828230307
Oman;1957;561977;Asia;4008;2242746551
Oman;1962;628164;Asia;43165;2924638113
Oman;1967;714775;Asia;46988;4720942687
Oman;1972;829050;Asia;52143;1061803855
Oman;1977;1004533;Asia;57367;1184834392
Oman;1982;1301048;Asia;62728;1295479101
Oman;1987;1593882;Asia;67734;1811522313
Oman;1992;1915208;Asia;71197;1861670691
Oman;1997;2283635;Asia;72499;1970205581
Oman;2002;2713462;Asia;74193;1977483687
Oman;2007;3204897;Asia;7564;2231619287
Pakistan;1952;41346560;Asia;43436;6845971438
Pakistan;1957;46679944;Asia;45557;7470835292
Pakistan;1962;53100671;Asia;4767;8033427418
Pakistan;1967;60641899;Asia;498;9424082588
Pakistan;1972;69325921;Asia;51929;1049938981
Pakistan;1977;78152686;Asia;54043;1175921193
Pakistan;1982;91462088;Asia;56158;1443429832
Pakistan;1987;105186881;Asia;58245;1704686583
Pakistan;1992;120065004;Asia;60838;1971829464
Pakistan;1997;135564834;Asia;61818;2049350521
Pakistan;2002;153403524;Asia;6361;2092712441
Pakistan;2007;169270617;Asia;65483;260594758
Panama;1952;940080;Americas;55191;2480380334
Panama;1957;1063506;Americas;59201;2961800905
Panama;1962;1215725;Americas;61817;3536540301
Panama;1967;1405486;Americas;64071;4421009084
Panama;1972;1616384;Americas;66216;5364249663
Panama;1977;1839782;Americas;68681;5351912144
Panama;1982;2036305;Americas;70472;7009601598
Panama;1987;2253639;Americas;71523;7034779161
Panama;1992;2484997;Americas;72462;661874305
Panama;1997;2734531;Americas;73738;7113692252
Panama;2002;2990875;Americas;74712;7356031934
Panama;2007;3242173;Americas;75537;9809185636
Paraguay;1952;1555876;Americas;62649;1952308701
Paraguay;1957;1770902;Americas;63196;2046154706
Paraguay;1962;2009813;Americas;64361;2148027146
Paraguay;1967;2287985;Americas;64951;2299376311
Paraguay;1972;2614104;Americas;65815;2523337977
Paraguay;1977;2984494;Americas;66353;3248373311
Paraguay;1982;3366439;Americas;66874;4258503604
Paraguay;1987;3886512;Americas;67378;3998875695
Paraguay;1992;4483945;Americas;68225;4196411078
Paraguay;1997;5154123;Americas;694;4247400261
Paraguay;2002;5884491;Americas;70755;3783674243
Paraguay;2007;6667147;Americas;71752;4172838464
Peru;1952;8025700;Americas;43902;3758523437
Peru;1957;9146100;Americas;46263;4245256698
Peru;1962;10516500;Americas;49096;4957037982
Peru;1967;12132200;Americas;51445;578809333
Peru;1972;13954700;Americas;55448;5937827283
Peru;1977;15990099;Americas;58447;6281290855
Peru;1982;18125129;Americas;61406;6434501797
Peru;1987;20195924;Americas;64134;6360943444
Peru;1992;22430449;Americas;66458;4446380924
Peru;1997;24748122;Americas;68386;5838347657
Peru;2002;26769436;Americas;69906;5909020073
Peru;2007;28674757;Americas;71421;7408905561
Philippines;1952;22438691;Asia;47752;1272880995
Philippines;1957;26072194;Asia;51334;1547944844
Philippines;1962;30325264;Asia;54757;1649552153
Philippines;1967;35356600;Asia;56393;181412743
Philippines;1972;40850141;Asia;58065;198937407
Philippines;1977;46850962;Asia;6006;2373204287
Philippines;1982;53456774;Asia;62082;2603273765
Philippines;1987;60017788;Asia;64151;2189634995
Philippines;1992;67185766;Asia;66458;2279324017
Philippines;1997;75012988;Asia;68564;2536534925
Philippines;2002;82995088;Asia;70303;2650921068
Philippines;2007;91077287;Asia;71688;3190481016
Poland;1952;25730551;Europe;6131;4029329699
Poland;1957;28235346;Europe;6577;4734253019
Poland;1962;30329617;Europe;6764;5338752143
Poland;1967;31785378;Europe;6961;6557152776
Poland;1972;33039545;Europe;7085;8006506993
Poland;1977;34621254;Europe;7067;9508141454
Poland;1982;36227381;Europe;7132;8451531004
Poland;1987;37740710;Europe;7098;9082351172
Poland;1992;38370697;Europe;7099;7738881247
Poland;1997;38654957;Europe;7275;1015958368
Poland;2002;38625976;Europe;7467;1200223908
Poland;2007;38518241;Europe;75563;1538992468
Portugal;1952;8526050;Europe;5982;3068319867
Portugal;1957;8817650;Europe;6151;3774571743
Portugal;1962;9019800;Europe;6439;4727954889
Portugal;1967;9103000;Europe;666;6361517993
Portugal;1972;8970450;Europe;6926;9022247417
Portugal;1977;9662600;Europe;7041;1017248572
Portugal;1982;9859650;Europe;7277;1175384291
Portugal;1987;9915289;Europe;7406;1303930876
Portugal;1992;9927680;Europe;7486;1620726663
Portugal;1997;10156415;Europe;7597;1764103156
Portugal;2002;10433867;Europe;7729;1997090787
Portugal;2007;10642836;Europe;78098;2050964777
Puerto Rico;1952;2227000;Americas;6428;3081959785
Puerto Rico;1957;2260000;Americas;6854;3907156189
Puerto Rico;1962;2448046;Americas;6962;510834463
Puerto Rico;1967;2648961;Americas;711;6929277714
Puerto Rico;1972;2847132;Americas;7216;9123041742
Puerto Rico;1977;3080828;Americas;7344;9770524921
Puerto Rico;1982;3279001;Americas;7375;1033098915
Puerto Rico;1987;3444468;Americas;7463;1228134191
Puerto Rico;1992;3585176;Americas;73911;1464158711
Puerto Rico;1997;3759430;Americas;74917;169994333
Puerto Rico;2002;3859606;Americas;77778;1885560618
Puerto Rico;2007;3942491;Americas;78746;1932870901
Reunion;1952;257700;Africa;52724;2718885295
Reunion;1957;308700;Africa;5509;2769451844
Reunion;1962;358900;Africa;57666;317372334
Reunion;1967;414024;Africa;60542;4021175739
Reunion;1972;461633;Africa;64274;5047658563
Reunion;1977;492095;Africa;67064;4319804067
Reunion;1982;517810;Africa;69885;5267219353
Reunion;1987;562035;Africa;71913;5303377488
Reunion;1992;622191;Africa;73615;6101255823
Reunion;1997;684810;Africa;74772;6071941411
Reunion;2002;743981;Africa;75744;63161652
Reunion;2007;798094;Africa;76442;7670122558
Romania;1952;16630000;Europe;6105;3144613186
Romania;1957;17829327;Europe;641;3943370225
Romania;1962;18680721;Europe;668;4734997586
Romania;1967;19284814;Europe;668;6470866545
Romania;1972;20662648;Europe;6921;8011414402
Romania;1977;21658597;Europe;6946;935639724
Romania;1982;22356726;Europe;6966;9605314053
Romania;1987;22686371;Europe;6953;9696273295
Romania;1992;22797027;Europe;6936;6598409903
Romania;1997;22562458;Europe;6972;7346547557
Romania;2002;22404337;Europe;71322;7885360081
Romania;2007;22276056;Europe;72476;1080847561
Rwanda;1952;2534927;Africa;40;4933238752
Rwanda;1957;2822082;Africa;415;5402893983
Rwanda;1962;3051242;Africa;43;5974730727
Rwanda;1967;3451079;Africa;441;5109637142
Rwanda;1972;3992121;Africa;446;5905806638
Rwanda;1977;4657072;Africa;45;6700806011
Rwanda;1982;5507565;Africa;46218;8815706467
Rwanda;1987;6349365;Africa;4402;847991217
Rwanda;1992;7290203;Africa;23599;7370685949
Rwanda;1997;7212583;Africa;36087;5899445051
Rwanda;2002;7852401;Africa;43413;7856537648
Rwanda;2007;8860588;Africa;46242;8630884639
Sao Tome and Principe;1952;60011;Africa;46471;8795835855
Sao Tome and Principe;1957;61325;Africa;48945;8607369026
Sao Tome and Principe;1962;65345;Africa;51893;1071551119
Sao Tome and Principe;1967;70787;Africa;54425;1384840593
Sao Tome and Principe;1972;76595;Africa;5648;1532985254
Sao Tome and Principe;1977;86796;Africa;5855;1737561657
Sao Tome and Principe;1982;98593;Africa;60351;1890218117
Sao Tome and Principe;1987;110812;Africa;61728;1516525457
Sao Tome and Principe;1992;125911;Africa;62742;1428777814
Sao Tome and Principe;1997;145608;Africa;63306;1339076036
Sao Tome and Principe;2002;170372;Africa;64337;135309239
Sao Tome and Principe;2007;199579;Africa;65528;1598435089
Saudi Arabia;1952;4005677;Asia;39875;6459554823
Saudi Arabia;1957;4419650;Asia;42868;8157591248
Saudi Arabia;1962;4943029;Asia;45914;1162641975
Saudi Arabia;1967;5618198;Asia;49901;1690304886
Saudi Arabia;1972;6472756;Asia;53886;2483742865
Saudi Arabia;1977;8128505;Asia;5869;341677626
Saudi Arabia;1982;11254672;Asia;63012;3369317525
Saudi Arabia;1987;14619745;Asia;66295;2119826136
Saudi Arabia;1992;16945857;Asia;68768;2484161777
Saudi Arabia;1997;21229759;Asia;70533;2058669019
Saudi Arabia;2002;24501530;Asia;71626;1901454118
Saudi Arabia;2007;27601038;Asia;72777;2165483194
Senegal;1952;2755589;Africa;37278;1450356983
Senegal;1957;3054547;Africa;39329;1567653006
Senegal;1962;3430243;Africa;41454;1654988723
Senegal;1967;3965841;Africa;43563;1612404632
Senegal;1972;4588696;Africa;45815;1597712056
Senegal;1977;5260855;Africa;48879;1561769116
Senegal;1982;6147783;Africa;52379;1518479984
Senegal;1987;7171347;Africa;55769;144172072
Senegal;1992;8307920;Africa;58196;1367899369
Senegal;1997;9535314;Africa;60187;1392368347
Senegal;2002;10870037;Africa;616;1519635262
Senegal;2007;12267493;Africa;63062;1712472136
Serbia;1952;6860147;Europe;57996;3581459448
Serbia;1957;7271135;Europe;61685;4981090891
Serbia;1962;7616060;Europe;64531;6289629157
Serbia;1967;7971222;Europe;66914;7991707066
Serbia;1972;8313288;Europe;687;1052206749
Serbia;1977;8686367;Europe;703;1298066956
Serbia;1982;9032824;Europe;70162;151810927
Serbia;1987;9230783;Europe;71218;1587087851
Serbia;1992;9826397;Europe;71659;9325068238
Serbia;1997;10336594;Europe;72232;7914320304
Serbia;2002;10111559;Europe;73213;7236075251
Serbia;2007;10150265;Europe;74002;9786534714
Sierra Leone;1952;2143249;Africa;30331;8797877358
Sierra Leone;1957;2295678;Africa;3157;1004484437
Sierra Leone;1962;2467895;Africa;32767;1116639877
Sierra Leone;1967;2662190;Africa;34113;1206043465
Sierra Leone;1972;2879013;Africa;354;1353759762
Sierra Leone;1977;3140897;Africa;36788;1348285159
Sierra Leone;1982;3464522;Africa;38445;1465010784
Sierra Leone;1987;3868905;Africa;40006;1294447788
Sierra Leone;1992;4260884;Africa;38333;1068696278
Sierra Leone;1997;4578212;Africa;39897;5746481576
Sierra Leone;2002;5359092;Africa;41012;699489713
Sierra Leone;2007;6144562;Africa;42568;8625407561
Singapore;1952;1127000;Asia;60396;2315138227
Singapore;1957;1445929;Asia;63179;2843104409
Singapore;1962;1750200;Asia;65798;3674735572
Singapore;1967;1977600;Asia;67946;497741854
Singapore;1972;2152400;Asia;69521;8597756202
Singapore;1977;2325300;Asia;70795;1121008948
Singapore;1982;2651869;Asia;7176;1516916112
Singapore;1987;2794552;Asia;7356;1886153081
Singapore;1992;3235865;Asia;75788;247698912
Singapore;1997;3802309;Asia;77158;335194766
Singapore;2002;4197776;Asia;7877;360231054
Singapore;2007;4553009;Asia;79972;4714317964
Slovak Republic;1952;3558137;Europe;6436;5074659104
Slovak Republic;1957;3844277;Europe;6745;609326298
Slovak Republic;1962;4237384;Europe;7033;7481107598
Slovak Republic;1967;4442238;Europe;7098;8412902397
Slovak Republic;1972;4593433;Europe;7035;9674167626
Slovak Republic;1977;4827803;Europe;7045;1092266404
Slovak Republic;1982;5048043;Europe;708;1134854585
Slovak Republic;1987;5199318;Europe;7108;1203726758
Slovak Republic;1992;5302888;Europe;7138;9498467723
Slovak Republic;1997;5383010;Europe;7271;1212623065
Slovak Republic;2002;5410052;Europe;738;1363877837
Slovak Republic;2007;5447502;Europe;74663;1867831435
Slovenia;1952;1489518;Europe;6557;4215041741
Slovenia;1957;1533070;Europe;6785;5862276629
Slovenia;1962;1582962;Europe;6915;7402303395
Slovenia;1967;1646912;Europe;6918;9405489397
Slovenia;1972;1694510;Europe;6982;123834862
Slovenia;1977;1746919;Europe;7097;1527703017
Slovenia;1982;1861252;Europe;71063;1786672175
Slovenia;1987;1945870;Europe;7225;1867853492
Slovenia;1992;1999210;Europe;7364;1421471681
Slovenia;1997;2011612;Europe;7513;1716110735
Slovenia;2002;2011497;Europe;7666;2066001936
Slovenia;2007;2009245;Europe;77926;2576825759
Somalia;1952;2526994;Africa;32978;1135749842
Somalia;1957;2780415;Africa;34977;1258147413
Somalia;1962;3080153;Africa;36981;1369488336
Somalia;1967;3428839;Africa;38977;128473318
Somalia;1972;3840161;Africa;40973;1254576127
Somalia;1977;4353666;Africa;41974;1450992513
Somalia;1982;5828892;Africa;42955;1176807031
Somalia;1987;6921858;Africa;44501;1093244963
Somalia;1992;6099799;Africa;39658;9269602964
Somalia;1997;6633514;Africa;43795;9305964284
Somalia;2002;7753310;Africa;45936;8820818218
Somalia;2007;9118773;Africa;48159;9261410683
South Africa;1952;14264935;Africa;45009;4725295531
South Africa;1957;16151549;Africa;47985;5487104219
South Africa;1962;18356657;Africa;49951;5768729717
South Africa;1967;20997321;Africa;51927;7114477971
South Africa;1972;23935810;Africa;53696;7765962636
South Africa;1977;27129932;Africa;55527;8028651439
South Africa;1982;31140029;Africa;58161;8568266228
South Africa;1987;35933379;Africa;60834;7825823398
South Africa;1992;39964159;Africa;61888;7225069258
South Africa;1997;42835005;Africa;60236;7479188244
South Africa;2002;44433622;Africa;53365;7710946444
South Africa;2007;43997828;Africa;49339;9269657808
Spain;1952;28549870;Europe;6494;3834034742
Spain;1957;29841614;Europe;6666;456480241
Spain;1962;31158061;Europe;6969;5693843879
Spain;1967;32850275;Europe;7144;7993512294
Spain;1972;34513161;Europe;7306;1063875131
Spain;1977;36439000;Europe;7439;1323692117
Spain;1982;37983310;Europe;763;1392616997
Spain;1987;38880702;Europe;769;1576498313
Spain;1992;39549438;Europe;7757;1860306452
Spain;1997;39855442;Europe;7877;2044529896
Spain;2002;40152517;Europe;7978;2483547166
Spain;2007;40448191;Europe;80941;288210637
Sri Lanka;1952;7982342;Asia;57593;108353203
Sri Lanka;1957;9128546;Asia;61456;1072546602
Sri Lanka;1962;10421936;Asia;62192;107447196
Sri Lanka;1967;11737396;Asia;64266;1135514326
Sri Lanka;1972;13016733;Asia;65042;121339553
Sri Lanka;1977;14116836;Asia;65949;1348775651
Sri Lanka;1982;15410151;Asia;68757;1648079789
Sri Lanka;1987;16495304;Asia;69011;1876766827
Sri Lanka;1992;17587060;Asia;70379;2153739222
Sri Lanka;1997;18698655;Asia;70457;2664477257
Sri Lanka;2002;19576783;Asia;70815;3015378833
Sri Lanka;2007;20378239;Asia;72396;3970095407
Sudan;1952;8504667;Africa;38635;1615991129
Sudan;1957;9753392;Africa;39624;1770337074
Sudan;1962;11183227;Africa;4087;1959593767
Sudan;1967;12716129;Africa;42858;1687997641
Sudan;1972;14597019;Africa;45083;1659652775
Sudan;1977;17104986;Africa;478;2202988423
Sudan;1982;20367053;Africa;50338;1895544073
Sudan;1987;24725960;Africa;51744;1507819159
Sudan;1992;28227588;Africa;53556;1492197043
Sudan;1997;32160729;Africa;55373;1632210764
Sudan;2002;37090298;Africa;56369;1993398314
Sudan;2007;42292929;Africa;58556;2602394995
Swaziland;1952;290243;Africa;41407;1148376626
Swaziland;1957;326741;Africa;43424;1244708364
Swaziland;1962;370006;Africa;44992;1856182125
Swaziland;1967;420690;Africa;46633;2613101665
Swaziland;1972;480105;Africa;49552;3364836625
Swaziland;1977;551425;Africa;52537;3781410618
Swaziland;1982;649901;Africa;55561;3895384018
Swaziland;1987;779348;Africa;57678;3984839812
Swaziland;1992;962344;Africa;58474;35530224
Swaziland;1997;1054486;Africa;54289;387676846
Swaziland;2002;1130269;Africa;43869;4128116943
Swaziland;2007;1133066;Africa;39613;4513480643
Sweden;1952;7124673;Europe;7186;8527844662
Sweden;1957;7363802;Europe;7249;9911878226
Sweden;1962;7561588;Europe;7337;1232944192
Sweden;1967;7867931;Europe;7416;1525829697
Sweden;1972;8122293;Europe;7472;1783202464
Sweden;1977;8251648;Europe;7544;1885572521
Sweden;1982;8325260;Europe;7642;2066738125
Sweden;1987;8421403;Europe;7719;2358692927
Sweden;1992;8718867;Europe;7816;2388001683
Sweden;1997;8897619;Europe;7939;2526659499
Sweden;2002;8954175;Europe;8004;2934163093
Sweden;2007;9031088;Europe;80884;3385974835
Switzerland;1952;4815000;Europe;6962;1473423275
Switzerland;1957;5126000;Europe;7056;1790948973
Switzerland;1962;5666000;Europe;7132;204310927
Switzerland;1967;6063000;Europe;7277;2296614432
Switzerland;1972;6401400;Europe;7378;2719511304
Switzerland;1977;6316424;Europe;7539;2698229052
Switzerland;1982;6468126;Europe;7621;2839771512
Switzerland;1987;6649942;Europe;7741;3028170459
Switzerland;1992;6995447;Europe;7803;318715303
Switzerland;1997;7193761;Europe;7937;3213532301
Switzerland;2002;7361757;Europe;8062;3448095771
Switzerland;2007;7554661;Europe;81701;3750641907
Syria;1952;3661549;Asia;45883;1643485354
Syria;1957;4149908;Asia;48284;2117234893
Syria;1962;4834621;Asia;50305;2193037133
Syria;1967;5680812;Asia;53655;1881923632
Syria;1972;6701172;Asia;57296;2571423014
Syria;1977;7932503;Asia;61195;3195484582
Syria;1982;9410494;Asia;6459;3761837715
Syria;1987;11242847;Asia;66974;3116774285
Syria;1992;13219062;Asia;69249;3340542768
Syria;1997;15081016;Asia;71527;4014238972
Syria;2002;17155814;Asia;73053;4090925331
Syria;2007;19314747;Asia;74143;4184548089
Taiwan;1952;8550362;Asia;585;1206947913
Taiwan;1957;10164215;Asia;624;150786129
Taiwan;1962;11918938;Asia;652;1822879028
Taiwan;1967;13648692;Asia;675;2643858681
Taiwan;1972;15226039;Asia;6939;4062523897
Taiwan;1977;16785196;Asia;7059;5596519826
Taiwan;1982;18501390;Asia;7216;7426354774
Taiwan;1987;19757799;Asia;734;1105456175
Taiwan;1992;20686918;Asia;7426;152156579
Taiwan;1997;21628605;Asia;7525;2020682098
Taiwan;2002;22454239;Asia;7699;2323542329
Taiwan;2007;23174294;Asia;784;2871827684
Tanzania;1952;8322925;Africa;41215;7166500721
Tanzania;1957;9452826;Africa;42974;6985356073
Tanzania;1962;10863958;Africa;44246;7220038073
Tanzania;1967;12607312;Africa;45757;8482186575
Tanzania;1972;14706593;Africa;4762;9159850592
Tanzania;1977;17129565;Africa;49919;9624922932
Tanzania;1982;19844382;Africa;50608;8742426069
Tanzania;1987;23040630;Africa;51535;8318220794
Tanzania;1992;26605473;Africa;5044;825682454
Tanzania;1997;30686889;Africa;48466;7891862231
Tanzania;2002;34593779;Africa;49651;8990742111
Tanzania;2007;38139640;Africa;52517;1107482182
Thailand;1952;21289402;Asia;50848;7577974177
Thailand;1957;25041917;Asia;5363;7935774148
Thailand;1962;29263397;Asia;56061;1002199172
Thailand;1967;34024249;Asia;58285;129546066
Thailand;1972;39276153;Asia;60405;1524358936
Thailand;1977;44148285;Asia;62494;1961224635
Thailand;1982;48827160;Asia;64597;2393219781
Thailand;1987;52910342;Asia;66084;2982653773
Thailand;1992;56667095;Asia;67298;4616896545
Thailand;1997;60216677;Asia;67521;5852625497
Thailand;2002;62806748;Asia;68564;5913187529
Thailand;2007;65068149;Asia;70616;7458396327
Togo;1952;1219113;Africa;38596;8598086567
Togo;1957;1357445;Africa;41208;9259083202
Togo;1962;1528098;Africa;43922;106753481
Togo;1967;1735550;Africa;46769;147759676
Togo;1972;2056351;Africa;49759;1649660188
Togo;1977;2308582;Africa;52887;1532776998
Togo;1982;2644765;Africa;55471;1344577953
Togo;1987;3154264;Africa;56941;1202201361
Togo;1992;3747553;Africa;58061;1034298904
Togo;1997;4320890;Africa;5839;9822869243
Togo;2002;4977378;Africa;57561;8862205765
Togo;2007;5701579;Africa;5842;8829699438
Trinidad and Tobago;1952;662850;Americas;591;3023271928
Trinidad and Tobago;1957;764900;Americas;618;41003934
Trinidad and Tobago;1962;887498;Americas;649;4997523971
Trinidad and Tobago;1967;960155;Americas;654;5621368472
Trinidad and Tobago;1972;975199;Americas;659;6619551419
Trinidad and Tobago;1977;1039009;Americas;683;7899554209
Trinidad and Tobago;1982;1116479;Americas;68832;9119528607
Trinidad and Tobago;1987;1191336;Americas;69582;7388597823
Trinidad and Tobago;1992;1183669;Americas;69862;7370990932
Trinidad and Tobago;1997;1138101;Americas;69465;8792573126
Trinidad and Tobago;2002;1101832;Americas;68976;1146060023
Trinidad and Tobago;2007;1056608;Americas;69819;1800850924
Tunisia;1952;3647735;Africa;446;1468475631
Tunisia;1957;3950849;Africa;471;1395232468
Tunisia;1962;4286552;Africa;49579;166030321
Tunisia;1967;4786986;Africa;52053;1932360167
Tunisia;1972;5303507;Africa;55602;2753285994
Tunisia;1977;6005061;Africa;59837;3120876811
Tunisia;1982;6734098;Africa;64048;3560233174
Tunisia;1987;7724976;Africa;66894;3810419296
Tunisia;1992;8523077;Africa;70001;4332720164
Tunisia;1997;9231669;Africa;71973;4876798614
Tunisia;2002;9770575;Africa;73042;5722895655
Tunisia;2007;10276158;Africa;73923;7092923025
Turkey;1952;22235677;Europe;43585;196910098
Turkey;1957;25670939;Europe;48079;2218754257
Turkey;1962;29788695;Europe;52098;2322869908
Turkey;1967;33411317;Europe;54336;2826356387
Turkey;1972;37492953;Europe;57005;345069638
Turkey;1977;42404033;Europe;59507;4269122326
Turkey;1982;47328791;Europe;61036;4241356344
Turkey;1987;52881328;Europe;63108;5089043686
Turkey;1992;58179144;Europe;66146;5678348271
Turkey;1997;63047647;Europe;68835;6601429915
Turkey;2002;67308928;Europe;70845;6508085718
Turkey;2007;71158647;Europe;71777;8458276384
Uganda;1952;5824797;Africa;39978;734753484
Uganda;1957;6675501;Africa;42571;7743710692
Uganda;1962;7688797;Africa;45344;7672717398
Uganda;1967;8900294;Africa;48051;9089185217
Uganda;1972;10190285;Africa;51016;950735869
Uganda;1977;11457758;Africa;5035;8437331372
Uganda;1982;12939400;Africa;49849;6822662268
Uganda;1987;15283050;Africa;51509;6177244065
Uganda;1992;18252190;Africa;48825;6441707969
Uganda;1997;21210254;Africa;44578;816559081
Uganda;2002;24739869;Africa;47813;9277210018
Uganda;2007;29170398;Africa;51542;1056380121
United Kingdom;1952;50430000;Europe;6918;9979508487
United Kingdom;1957;51430000;Europe;7042;1128317795
United Kingdom;1962;53292000;Europe;7076;1247717707
United Kingdom;1967;54959000;Europe;7136;1414285089
United Kingdom;1972;56079000;Europe;7201;1589511641
United Kingdom;1977;56179000;Europe;7276;1742874846
United Kingdom;1982;56339704;Europe;7404;1823242452
United Kingdom;1987;56981620;Europe;75007;2166478767
United Kingdom;1992;57866349;Europe;7642;2270509254
United Kingdom;1997;58808266;Europe;77218;2607453136
United Kingdom;2002;59912431;Europe;78471;2947899919
United Kingdom;2007;60776238;Europe;79425;3320326128
United States;1952;157553000;Americas;6844;1399048208
United States;1957;171984000;Americas;6949;1484712712
United States;1962;186538000;Americas;7021;1617314586
United States;1967;198712000;Americas;7076;1953036557
United States;1972;209896000;Americas;7134;2180603594
United States;1977;220239000;Americas;7338;2407263213
United States;1982;232187835;Americas;7465;2500955914
United States;1987;242803533;Americas;7502;2988435041
United States;1992;256894189;Americas;7609;3200393224
United States;1997;272911760;Americas;7681;3576743303
United States;2002;287675526;Americas;7731;3909709955
United States;2007;301139947;Americas;78242;4295165309
Uruguay;1952;2252965;Americas;66071;5716766744
Uruguay;1957;2424959;Americas;67044;6150772969
Uruguay;1962;2598466;Americas;68253;5603357717
Uruguay;1967;2748579;Americas;68468;544461962
Uruguay;1972;2829526;Americas;68673;5703408898
Uruguay;1977;2873520;Americas;69481;6504339663
Uruguay;1982;2953997;Americas;70805;6920223051
Uruguay;1987;3045153;Americas;71918;7452398969
Uruguay;1992;3149262;Americas;72752;8137004775
Uruguay;1997;3262838;Americas;74223;9230240708
Uruguay;2002;3363085;Americas;75307;7727002004
Uruguay;2007;3447496;Americas;76384;1061146299
Venezuela;1952;5439568;Americas;55088;7689799761
Venezuela;1957;6702668;Americas;57907;9802466526
Venezuela;1962;8143375;Americas;6077;8422974165
Venezuela;1967;9709552;Americas;63479;9541474188
Venezuela;1972;11515649;Americas;65712;1050525966
Venezuela;1977;13503563;Americas;67456;1314395095
Venezuela;1982;15620766;Americas;68557;1115241011
Venezuela;1987;17910182;Americas;7019;9883584648
Venezuela;1992;20265563;Americas;7115;1073392631
Venezuela;1997;22374398;Americas;72146;1016549518
Venezuela;2002;24287670;Americas;72766;8605047831
Venezuela;2007;26084662;Americas;73747;1141580569
Vietnam;1952;26246839;Asia;40412;6050664917
Vietnam;1957;28998543;Asia;42887;6762854478
Vietnam;1962;33796140;Asia;45363;7720491602
Vietnam;1967;39463910;Asia;47838;6371232887
Vietnam;1972;44655014;Asia;50254;6995016441
Vietnam;1977;50533506;Asia;55764;7135371196
Vietnam;1982;56142181;Asia;58816;7072357863
Vietnam;1987;62826491;Asia;6282;8207994449
Vietnam;1992;69940728;Asia;67662;9890231487
Vietnam;1997;76048996;Asia;70672;1385896769
Vietnam;2002;80908147;Asia;73017;1764456677
Vietnam;2007;85262356;Asia;74249;2441576404
West Bank and Gaza;1952;1030585;Asia;4316;1515592329
West Bank and Gaza;1957;1070439;Asia;45671;1827067742
West Bank and Gaza;1962;1133134;Asia;48127;2198956312
West Bank and Gaza;1967;1142636;Asia;51631;2649715007
West Bank and Gaza;1972;1089572;Asia;56532;3133409277
West Bank and Gaza;1977;1261091;Asia;60765;3682831494
West Bank and Gaza;1982;1425876;Asia;64406;4336032082
West Bank and Gaza;1987;1691210;Asia;67046;5107197384
West Bank and Gaza;1992;2104779;Asia;69718;6017654756
West Bank and Gaza;1997;2826046;Asia;71096;7110667619
West Bank and Gaza;2002;3389578;Asia;7237;4515487575
West Bank and Gaza;2007;4018332;Asia;73422;3025349798
Yemen Rep.;1952;4963829;Asia;32548;7817175761
Yemen Rep.;1957;5498090;Asia;3397;8048304547
Yemen Rep.;1962;6120081;Asia;3518;8256232006
Yemen Rep.;1967;6740785;Asia;36984;8624421463
Yemen Rep.;1972;7407075;Asia;39848;1265047031
Yemen Rep.;1977;8403990;Asia;44175;1829765177
Yemen Rep.;1982;9657618;Asia;49113;197755701
Yemen Rep.;1987;11219340;Asia;52922;1971741538
Yemen Rep.;1992;13367997;Asia;55599;1879496673
Yemen Rep.;1997;15826497;Asia;5802;2117484526
Yemen Rep.;2002;18701257;Asia;60308;2234820827
Yemen Rep.;2007;22211743;Asia;62698;2280769906
Zambia;1952;2672000;Africa;42038;1147388831
Zambia;1957;3016000;Africa;44077;1311956766
Zambia;1962;3421000;Africa;46023;1452725766
Zambia;1967;3900000;Africa;47768;1777077318
Zambia;1972;4506497;Africa;50107;1773498265
Zambia;1977;5216550;Africa;51386;1588688299
Zambia;1982;6100407;Africa;51821;1408678565
Zambia;1987;7272406;Africa;50821;1213315116
Zambia;1992;8381163;Africa;461;1210884633
Zambia;1997;9417789;Africa;40238;1071353818
Zambia;2002;10595811;Africa;39193;1071613938
Zambia;2007;11746035;Africa;42384;1271211593
Zimbabwe;1952;3080907;Africa;48451;4068841148
Zimbabwe;1957;3646340;Africa;50469;5187642681
Zimbabwe;1962;4277736;Africa;52358;5272721818
Zimbabwe;1967;4995432;Africa;53995;5697950712
Zimbabwe;1972;5861135;Africa;55635;7993621758
Zimbabwe;1977;6642107;Africa;57674;6855876821
Zimbabwe;1982;7636524;Africa;60363;7888550411
Zimbabwe;1987;9216418;Africa;62351;7061573059
Zimbabwe;1992;10704340;Africa;60377;6934207856
Zimbabwe;1997;11404948;Africa;46809;7924499603
Zimbabwe;2002;11926563;Africa;39989;6720386227
Zimbabwe;2007;12311143;Africa;43487;4697092981
